level,vineyard_id,row_id,n_blocks,n_rows,row_length_m,canopy_area_m2,canopy_area_ha,interrow_area_m2,interrow_area_ha,row_structure
total,,,26.0,1050,49775.89,18616.32,1.8616,73742.19,7.3742,
block,V01,,1.0,3,17.89,4.98,0.0005,0.0,0.0,
block,V02,,1.0,8,31.37,5.71,0.0006,0.0,0.0,
block,V03,,1.0,6,23.14,2.21,0.0002,6.51,0.0007,
block,V04,,1.0,322,13063.75,4436.49,0.4436,20007.9,2.0008,
block,V05,,1.0,5,27.26,5.88,0.0006,0.0,0.0,
block,V06,,1.0,13,405.56,228.84,0.0229,735.81,0.0736,
block,V07,,1.0,62,2236.64,959.09,0.0959,2199.4,0.2199,
block,V08,,1.0,21,695.18,227.51,0.0228,399.44,0.0399,
block,V09,,1.0,18,285.4,88.62,0.0089,185.5,0.0185,
block,V10,,1.0,163,13483.18,4210.6,0.4211,25930.83,2.5931,
block,V11,,1.0,6,57.15,36.07,0.0036,17.47,0.0017,
block,V12,,1.0,9,323.06,311.2,0.0311,89.62,0.009,
block,V13,,1.0,5,50.24,40.84,0.0041,27.54,0.0028,
block,V14,,1.0,74,3966.07,1722.55,0.1723,5906.93,0.5907,
block,V15,,1.0,17,875.86,532.14,0.0532,1303.14,0.1303,
block,V16,,1.0,25,1560.08,568.81,0.0569,1653.96,0.1654,
block,V17,,1.0,22,562.1,252.48,0.0252,597.54,0.0598,
block,V18,,1.0,22,896.44,325.34,0.0325,862.58,0.0863,
block,V19,,1.0,19,596.98,350.95,0.0351,684.21,0.0684,
block,V20,,1.0,17,733.26,206.61,0.0207,1389.21,0.1389,
block,V21,,1.0,32,1247.58,658.67,0.0659,1235.37,0.1235,
block,V22,,1.0,8,275.68,63.79,0.0064,363.32,0.0363,
block,V23,,1.0,22,1121.0,613.19,0.0613,1258.34,0.1258,
block,V24,,1.0,66,2916.65,1161.18,0.1161,3785.14,0.3785,
block,V25,,1.0,3,49.95,10.16,0.001,37.31,0.0037,
block,V26,,1.0,82,4274.42,1592.45,0.1592,5065.12,0.5065,
row,V01,V01-R001,,1,6.36,1.7,0.0002,,,regular
row,V01,V01-R002,,1,6.38,0.89,0.0001,,,regular
row,V01,V01-R003,,1,5.15,3.19,0.0003,,,regular
row,V02,V02-R001,,1,7.35,2.08,0.0002,,,regular
row,V02,V02-R002,,1,6.45,1.83,0.0002,,,regular
row,V02,V02-R003,,1,2.56,0.89,0.0001,,,unassessable
row,V02,V02-R004,,1,2.6,0.3,0.0,,,unassessable
row,V02,V02-R005,,1,2.55,0.29,0.0,,,unassessable
row,V02,V02-R006,,1,2.95,0.13,0.0,,,unassessable
row,V02,V02-R007,,1,2.96,0.39,0.0,,,unassessable
row,V02,V02-R008,,1,3.95,1.73,0.0002,,,regular
row,V03,V03-R001,,1,1.95,0.44,0.0,,,unassessable
row,V03,V03-R002,,1,1.98,0.42,0.0,,,unassessable
row,V03,V03-R003,,1,1.95,0.22,0.0,,,unassessable
row,V03,V03-R004,,1,2.15,0.26,0.0,,,unassessable
row,V03,V03-R005,,1,2.96,0.66,0.0001,,,unassessable
row,V03,V03-R006,,1,12.15,1.09,0.0001,,,regular
row,V04,V04-R001,,1,6.3,1.13,0.0001,,,regular
row,V04,V04-R002,,1,10.9,3.12,0.0003,,,regular
row,V04,V04-R003,,1,21.1,3.36,0.0003,,,regular
row,V04,V04-R004,,1,26.35,5.27,0.0005,,,regular
row,V04,V04-R005,,1,30.75,3.59,0.0004,,,disrupted
row,V04,V04-R006,,1,37.0,7.72,0.0008,,,regular
row,V04,V04-R007,,1,40.1,8.54,0.0009,,,regular
row,V04,V04-R008,,1,46.85,9.29,0.0009,,,regular
row,V04,V04-R009,,1,55.1,10.1,0.001,,,regular
row,V04,V04-R010,,1,13.96,3.91,0.0004,,,regular
row,V04,V04-R011,,1,21.76,7.04,0.0007,,,regular
row,V04,V04-R012,,1,61.45,12.17,0.0012,,,regular
row,V04,V04-R013,,1,10.07,5.2,0.0005,,,regular
row,V04,V04-R014,,1,3.55,0.21,0.0,,,regular
row,V04,V04-R015,,1,59.1,9.09,0.0009,,,disrupted
row,V04,V04-R016,,1,27.0,5.49,0.0005,,,disrupted
row,V04,V04-R017,,1,61.7,6.23,0.0006,,,disrupted
row,V04,V04-R018,,1,9.9,10.8,0.0011,,,regular
row,V04,V04-R019,,1,22.18,21.72,0.0022,,,regular
row,V04,V04-R020,,1,56.0,3.14,0.0003,,,disrupted
row,V04,V04-R021,,1,35.72,31.65,0.0032,,,regular
row,V04,V04-R022,,1,75.25,7.29,0.0007,,,disrupted
row,V04,V04-R023,,1,36.0,20.51,0.0021,,,regular
row,V04,V04-R024,,1,76.31,24.94,0.0025,,,regular
row,V04,V04-R025,,1,48.73,23.65,0.0024,,,regular
row,V04,V04-R026,,1,68.75,22.57,0.0023,,,regular
row,V04,V04-R027,,1,46.45,24.66,0.0025,,,regular
row,V04,V04-R028,,1,12.0,8.17,0.0008,,,regular
row,V04,V04-R029,,1,72.0,20.55,0.0021,,,disrupted
row,V04,V04-R030,,1,51.2,22.71,0.0023,,,regular
row,V04,V04-R031,,1,76.45,17.58,0.0018,,,regular
row,V04,V04-R032,,1,48.86,34.42,0.0034,,,regular
row,V04,V04-R033,,1,67.0,16.38,0.0016,,,regular
row,V04,V04-R034,,1,50.2,11.68,0.0012,,,regular
row,V04,V04-R035,,1,106.5,34.38,0.0034,,,disrupted
row,V04,V04-R036,,1,47.0,12.44,0.0012,,,regular
row,V04,V04-R037,,1,108.55,32.34,0.0032,,,disrupted
row,V04,V04-R038,,1,37.02,19.1,0.0019,,,regular
row,V04,V04-R039,,1,56.29,45.85,0.0046,,,regular
row,V04,V04-R040,,1,7.84,6.4,0.0006,,,regular
row,V04,V04-R041,,1,112.01,32.21,0.0032,,,disrupted
row,V04,V04-R042,,1,1.77,1.15,0.0001,,,unassessable
row,V04,V04-R043,,1,11.27,7.92,0.0008,,,regular
row,V04,V04-R044,,1,112.01,46.68,0.0047,,,regular
row,V04,V04-R045,,1,21.6,15.26,0.0015,,,regular
row,V04,V04-R046,,1,117.03,64.52,0.0065,,,disrupted
row,V04,V04-R047,,1,39.7,30.14,0.003,,,regular
row,V04,V04-R048,,1,56.76,10.12,0.001,,,regular
row,V04,V04-R049,,1,99.51,71.74,0.0072,,,regular
row,V04,V04-R050,,1,66.65,14.0,0.0014,,,regular
row,V04,V04-R051,,1,22.0,16.47,0.0016,,,regular
row,V04,V04-R052,,1,36.51,18.38,0.0018,,,regular
row,V04,V04-R053,,1,53.75,7.35,0.0007,,,disrupted
row,V04,V04-R054,,1,92.4,44.98,0.0045,,,disrupted
row,V04,V04-R055,,1,25.88,22.76,0.0023,,,regular
row,V04,V04-R056,,1,42.0,20.86,0.0021,,,regular
row,V04,V04-R057,,1,81.73,69.38,0.0069,,,disrupted
row,V04,V04-R058,,1,66.0,8.71,0.0009,,,disrupted
row,V04,V04-R059,,1,6.11,5.7,0.0006,,,regular
row,V04,V04-R060,,1,5.31,4.96,0.0005,,,regular
row,V04,V04-R061,,1,75.9,28.49,0.0028,,,disrupted
row,V04,V04-R062,,1,107.02,41.94,0.0042,,,regular
row,V04,V04-R063,,1,2.25,0.31,0.0,,,unassessable
row,V04,V04-R064,,1,87.0,41.68,0.0042,,,regular
row,V04,V04-R065,,1,75.85,35.36,0.0035,,,disrupted
row,V04,V04-R066,,1,109.67,56.73,0.0057,,,regular
row,V04,V04-R067,,1,76.55,45.73,0.0046,,,regular
row,V04,V04-R068,,1,121.35,34.69,0.0035,,,disrupted
row,V04,V04-R069,,1,76.95,41.06,0.0041,,,regular
row,V04,V04-R070,,1,47.0,17.8,0.0018,,,regular
row,V04,V04-R071,,1,115.55,27.54,0.0028,,,regular
row,V04,V04-R072,,1,76.15,32.28,0.0032,,,regular
row,V04,V04-R073,,1,122.01,34.6,0.0035,,,disrupted
row,V04,V04-R074,,1,71.6,24.35,0.0024,,,regular
row,V04,V04-R075,,1,125.01,36.29,0.0036,,,regular
row,V04,V04-R076,,1,71.01,20.83,0.0021,,,disrupted
row,V04,V04-R077,,1,59.8,25.31,0.0025,,,regular
row,V04,V04-R078,,1,128.91,37.74,0.0038,,,regular
row,V04,V04-R079,,1,129.3,42.59,0.0043,,,regular
row,V04,V04-R080,,1,64.8,25.75,0.0026,,,regular
row,V04,V04-R081,,1,129.0,32.85,0.0033,,,disrupted
row,V04,V04-R082,,1,71.65,30.27,0.003,,,regular
row,V04,V04-R083,,1,99.05,20.92,0.0021,,,regular
row,V04,V04-R084,,1,67.0,29.53,0.003,,,regular
row,V04,V04-R085,,1,121.06,28.28,0.0028,,,disrupted
row,V04,V04-R086,,1,66.3,40.13,0.004,,,regular
row,V04,V04-R087,,1,111.1,20.6,0.0021,,,disrupted
row,V04,V04-R088,,1,54.05,11.28,0.0011,,,regular
row,V04,V04-R089,,1,123.61,35.18,0.0035,,,regular
row,V04,V04-R090,,1,48.1,9.34,0.0009,,,regular
row,V04,V04-R091,,1,132.02,45.78,0.0046,,,regular
row,V04,V04-R092,,1,50.95,13.6,0.0014,,,regular
row,V04,V04-R093,,1,119.75,52.78,0.0053,,,regular
row,V04,V04-R094,,1,51.7,13.97,0.0014,,,regular
row,V04,V04-R095,,1,41.35,7.92,0.0008,,,disrupted
row,V04,V04-R096,,1,114.9,17.72,0.0018,,,regular
row,V04,V04-R097,,1,41.4,8.39,0.0008,,,regular
row,V04,V04-R098,,1,122.91,25.41,0.0025,,,regular
row,V04,V04-R099,,1,30.95,7.48,0.0007,,,regular
row,V04,V04-R100,,1,4.9,0.87,0.0001,,,regular
row,V04,V04-R101,,1,116.05,20.16,0.002,,,regular
row,V04,V04-R102,,1,4.55,0.7,0.0001,,,regular
row,V04,V04-R103,,1,112.81,21.07,0.0021,,,disrupted
row,V04,V04-R104,,1,9.4,1.67,0.0002,,,regular
row,V04,V04-R105,,1,36.4,3.54,0.0004,,,disrupted
row,V04,V04-R106,,1,120.62,26.12,0.0026,,,disrupted
row,V04,V04-R107,,1,5.39,1.13,0.0001,,,regular
row,V04,V04-R108,,1,8.41,1.87,0.0002,,,regular
row,V04,V04-R109,,1,95.82,23.67,0.0024,,,disrupted
row,V04,V04-R110,,1,33.86,5.22,0.0005,,,regular
row,V04,V04-R111,,1,112.0,22.73,0.0023,,,regular
row,V04,V04-R112,,1,4.9,0.88,0.0001,,,regular
row,V04,V04-R113,,1,28.8,10.02,0.001,,,regular
row,V04,V04-R114,,1,6.23,4.6,0.0005,,,regular
row,V04,V04-R115,,1,112.01,21.46,0.0021,,,regular
row,V04,V04-R116,,1,62.98,33.39,0.0033,,,regular
row,V04,V04-R117,,1,18.3,8.58,0.0009,,,regular
row,V04,V04-R118,,1,19.73,9.72,0.001,,,regular
row,V04,V04-R119,,1,6.8,0.48,0.0,,,regular
row,V04,V04-R120,,1,12.0,1.96,0.0002,,,regular
row,V04,V04-R121,,1,11.86,3.28,0.0003,,,regular
row,V04,V04-R122,,1,42.2,22.41,0.0022,,,disrupted
row,V04,V04-R123,,1,2.55,0.39,0.0,,,unassessable
row,V04,V04-R124,,1,96.45,16.69,0.0017,,,regular
row,V04,V04-R125,,1,18.95,11.73,0.0012,,,regular
row,V04,V04-R126,,1,11.65,3.52,0.0004,,,regular
row,V04,V04-R127,,1,8.95,3.05,0.0003,,,regular
row,V04,V04-R128,,1,2.55,0.43,0.0,,,unassessable
row,V04,V04-R129,,1,3.2,0.37,0.0,,,regular
row,V04,V04-R130,,1,6.4,1.14,0.0001,,,regular
row,V04,V04-R131,,1,2.95,0.71,0.0001,,,unassessable
row,V04,V04-R132,,1,15.95,6.5,0.0006,,,regular
row,V04,V04-R133,,1,4.99,1.4,0.0001,,,regular
row,V04,V04-R134,,1,3.15,0.15,0.0,,,regular
row,V04,V04-R135,,1,11.95,2.5,0.0002,,,regular
row,V04,V04-R136,,1,2.95,0.17,0.0,,,unassessable
row,V04,V04-R137,,1,13.45,0.93,0.0001,,,disrupted
row,V04,V04-R138,,1,6.56,5.36,0.0005,,,regular
row,V04,V04-R139,,1,7.35,2.18,0.0002,,,regular
row,V04,V04-R140,,1,8.35,2.38,0.0002,,,regular
row,V04,V04-R141,,1,4.46,1.07,0.0001,,,regular
row,V04,V04-R142,,1,13.74,2.9,0.0003,,,regular
row,V04,V04-R143,,1,5.1,1.11,0.0001,,,regular
row,V04,V04-R144,,1,6.55,5.44,0.0005,,,regular
row,V04,V04-R145,,1,7.35,0.2,0.0,,,disrupted
row,V04,V04-R146,,1,13.15,1.01,0.0001,,,regular
row,V04,V04-R147,,1,5.16,1.29,0.0001,,,regular
row,V04,V04-R148,,1,9.56,2.12,0.0002,,,regular
row,V04,V04-R149,,1,7.15,2.16,0.0002,,,regular
row,V04,V04-R150,,1,11.96,3.2,0.0003,,,regular
row,V04,V04-R151,,1,7.55,0.53,0.0001,,,regular
row,V04,V04-R152,,1,11.81,3.1,0.0003,,,regular
row,V04,V04-R153,,1,3.0,0.22,0.0,,,regular
row,V04,V04-R154,,1,16.95,8.16,0.0008,,,regular
row,V04,V04-R155,,1,19.51,4.67,0.0005,,,disrupted
row,V04,V04-R156,,1,11.76,1.82,0.0002,,,regular
row,V04,V04-R157,,1,9.95,3.17,0.0003,,,regular
row,V04,V04-R158,,1,5.9,1.22,0.0001,,,regular
row,V04,V04-R159,,1,9.95,5.42,0.0005,,,regular
row,V04,V04-R160,,1,7.49,3.02,0.0003,,,regular
row,V04,V04-R161,,1,4.6,0.62,0.0001,,,regular
row,V04,V04-R162,,1,6.51,2.09,0.0002,,,regular
row,V04,V04-R163,,1,12.2,1.64,0.0002,,,regular
row,V04,V04-R164,,1,7.95,2.07,0.0002,,,regular
row,V04,V04-R165,,1,6.75,2.62,0.0003,,,regular
row,V04,V04-R166,,1,16.99,2.81,0.0003,,,regular
row,V04,V04-R167,,1,10.0,2.47,0.0002,,,regular
row,V04,V04-R168,,1,2.95,0.43,0.0,,,unassessable
row,V04,V04-R169,,1,2.65,0.71,0.0001,,,unassessable
row,V04,V04-R170,,1,7.35,0.23,0.0,,,regular
row,V04,V04-R171,,1,7.46,0.46,0.0,,,regular
row,V04,V04-R172,,1,10.13,3.03,0.0003,,,regular
row,V04,V04-R173,,1,9.91,0.68,0.0001,,,regular
row,V04,V04-R174,,1,9.15,1.8,0.0002,,,regular
row,V04,V04-R175,,1,12.37,1.07,0.0001,,,regular
row,V04,V04-R176,,1,18.62,3.26,0.0003,,,regular
row,V04,V04-R177,,1,12.92,0.95,0.0001,,,regular
row,V04,V04-R178,,1,5.9,1.42,0.0001,,,regular
row,V04,V04-R179,,1,2.35,0.92,0.0001,,,unassessable
row,V04,V04-R180,,1,9.36,2.71,0.0003,,,regular
row,V04,V04-R181,,1,12.07,2.03,0.0002,,,regular
row,V04,V04-R182,,1,3.96,0.77,0.0001,,,regular
row,V04,V04-R183,,1,5.5,0.1,0.0,,,regular
row,V04,V04-R184,,1,11.55,2.38,0.0002,,,regular
row,V04,V04-R185,,1,1.98,0.4,0.0,,,unassessable
row,V04,V04-R186,,1,24.05,7.6,0.0008,,,regular
row,V04,V04-R187,,1,2.35,0.79,0.0001,,,unassessable
row,V04,V04-R188,,1,5.36,1.8,0.0002,,,regular
row,V04,V04-R189,,1,5.5,2.03,0.0002,,,regular
row,V04,V04-R190,,1,5.37,1.82,0.0002,,,regular
row,V04,V04-R191,,1,11.17,2.59,0.0003,,,regular
row,V04,V04-R192,,1,10.98,2.15,0.0002,,,regular
row,V04,V04-R193,,1,2.19,0.33,0.0,,,unassessable
row,V04,V04-R194,,1,2.15,0.22,0.0,,,unassessable
row,V04,V04-R195,,1,5.28,0.64,0.0001,,,regular
row,V04,V04-R196,,1,5.15,0.53,0.0001,,,regular
row,V04,V04-R197,,1,5.35,1.72,0.0002,,,regular
row,V04,V04-R198,,1,2.15,0.0,0.0,,,unassessable
row,V04,V04-R199,,1,20.61,3.72,0.0004,,,disrupted
row,V04,V04-R200,,1,8.95,3.91,0.0004,,,regular
row,V04,V04-R201,,1,2.16,0.0,0.0,,,unassessable
row,V04,V04-R202,,1,9.36,1.56,0.0002,,,regular
row,V04,V04-R203,,1,4.65,1.78,0.0002,,,regular
row,V04,V04-R204,,1,3.35,1.26,0.0001,,,regular
row,V04,V04-R205,,1,8.15,1.06,0.0001,,,regular
row,V04,V04-R206,,1,20.81,7.61,0.0008,,,regular
row,V04,V04-R207,,1,11.82,3.31,0.0003,,,regular
row,V04,V04-R208,,1,6.75,1.96,0.0002,,,regular
row,V04,V04-R209,,1,4.38,0.28,0.0,,,regular
row,V04,V04-R210,,1,7.66,2.21,0.0002,,,regular
row,V04,V04-R211,,1,4.55,2.25,0.0002,,,regular
row,V04,V04-R212,,1,8.37,2.57,0.0003,,,regular
row,V04,V04-R213,,1,23.21,7.64,0.0008,,,regular
row,V04,V04-R214,,1,2.16,0.27,0.0,,,unassessable
row,V04,V04-R215,,1,4.38,0.58,0.0001,,,regular
row,V04,V04-R216,,1,7.47,1.53,0.0002,,,regular
row,V04,V04-R217,,1,10.55,2.22,0.0002,,,regular
row,V04,V04-R218,,1,8.35,0.83,0.0001,,,regular
row,V04,V04-R219,,1,7.62,0.0,0.0,,,disrupted
row,V04,V04-R220,,1,7.35,1.98,0.0002,,,regular
row,V04,V04-R221,,1,7.48,2.36,0.0002,,,regular
row,V04,V04-R222,,1,11.7,3.02,0.0003,,,regular
row,V04,V04-R223,,1,12.85,3.08,0.0003,,,regular
row,V04,V04-R224,,1,4.21,1.44,0.0001,,,regular
row,V04,V04-R225,,1,8.25,1.14,0.0001,,,regular
row,V04,V04-R226,,1,8.75,0.83,0.0001,,,regular
row,V04,V04-R227,,1,8.35,5.7,0.0006,,,regular
row,V04,V04-R228,,1,17.7,4.21,0.0004,,,disrupted
row,V04,V04-R229,,1,8.36,7.02,0.0007,,,regular
row,V04,V04-R230,,1,28.16,10.13,0.001,,,regular
row,V04,V04-R231,,1,5.1,0.63,0.0001,,,regular
row,V04,V04-R232,,1,4.57,0.8,0.0001,,,regular
row,V04,V04-R233,,1,4.65,1.22,0.0001,,,regular
row,V04,V04-R234,,1,12.3,2.23,0.0002,,,regular
row,V04,V04-R235,,1,26.55,3.82,0.0004,,,disrupted
row,V04,V04-R236,,1,9.95,5.65,0.0006,,,regular
row,V04,V04-R237,,1,9.96,5.96,0.0006,,,regular
row,V04,V04-R238,,1,19.7,5.23,0.0005,,,regular
row,V04,V04-R239,,1,23.7,5.32,0.0005,,,regular
row,V04,V04-R240,,1,3.35,0.33,0.0,,,regular
row,V04,V04-R241,,1,10.02,7.34,0.0007,,,regular
row,V04,V04-R242,,1,4.27,0.84,0.0001,,,regular
row,V04,V04-R243,,1,3.35,0.0,0.0,,,regular
row,V04,V04-R244,,1,23.2,9.28,0.0009,,,disrupted
row,V04,V04-R245,,1,42.51,6.23,0.0006,,,disrupted
row,V04,V04-R246,,1,8.95,5.16,0.0005,,,regular
row,V04,V04-R247,,1,8.85,6.92,0.0007,,,regular
row,V04,V04-R248,,1,9.0,3.18,0.0003,,,regular
row,V04,V04-R249,,1,37.64,3.69,0.0004,,,disrupted
row,V04,V04-R250,,1,10.2,4.02,0.0004,,,regular
row,V04,V04-R251,,1,13.93,14.35,0.0014,,,regular
row,V04,V04-R252,,1,7.24,1.36,0.0001,,,regular
row,V04,V04-R253,,1,12.23,6.86,0.0007,,,regular
row,V04,V04-R254,,1,11.25,6.56,0.0007,,,regular
row,V04,V04-R255,,1,8.95,2.81,0.0003,,,regular
row,V04,V04-R256,,1,6.15,0.63,0.0001,,,regular
row,V04,V04-R257,,1,3.1,0.78,0.0001,,,regular
row,V04,V04-R258,,1,9.61,3.46,0.0003,,,regular
row,V04,V04-R259,,1,25.35,10.04,0.001,,,regular
row,V04,V04-R260,,1,9.75,3.53,0.0004,,,regular
row,V04,V04-R261,,1,16.56,12.01,0.0012,,,regular
row,V04,V04-R262,,1,9.87,5.27,0.0005,,,regular
row,V04,V04-R263,,1,14.04,14.52,0.0015,,,regular
row,V04,V04-R264,,1,5.04,1.12,0.0001,,,regular
row,V04,V04-R265,,1,19.26,6.01,0.0006,,,regular
row,V04,V04-R266,,1,5.5,2.94,0.0003,,,regular
row,V04,V04-R267,,1,11.92,8.64,0.0009,,,regular
row,V04,V04-R268,,1,6.32,2.63,0.0003,,,regular
row,V04,V04-R269,,1,4.15,1.0,0.0001,,,regular
row,V04,V04-R270,,1,5.7,2.89,0.0003,,,regular
row,V04,V04-R271,,1,10.55,6.07,0.0006,,,regular
row,V04,V04-R272,,1,20.3,6.75,0.0007,,,regular
row,V04,V04-R273,,1,10.15,5.31,0.0005,,,regular
row,V04,V04-R274,,1,44.06,7.59,0.0008,,,disrupted
row,V04,V04-R275,,1,11.95,3.62,0.0004,,,regular
row,V04,V04-R276,,1,7.91,2.69,0.0003,,,regular
row,V04,V04-R277,,1,47.26,13.58,0.0014,,,regular
row,V04,V04-R278,,1,63.25,15.31,0.0015,,,regular
row,V04,V04-R279,,1,77.06,17.57,0.0018,,,regular
row,V04,V04-R280,,1,102.03,26.21,0.0026,,,disrupted
row,V04,V04-R281,,1,117.02,36.59,0.0037,,,regular
row,V04,V04-R282,,1,113.45,40.99,0.0041,,,regular
row,V04,V04-R283,,1,109.48,40.4,0.004,,,regular
row,V04,V04-R284,,1,113.66,30.51,0.0031,,,regular
row,V04,V04-R285,,1,106.53,25.95,0.0026,,,regular
row,V04,V04-R286,,1,110.65,34.73,0.0035,,,regular
row,V04,V04-R287,,1,109.05,43.24,0.0043,,,regular
row,V04,V04-R288,,1,115.51,39.54,0.004,,,regular
row,V04,V04-R289,,1,103.85,30.25,0.003,,,regular
row,V04,V04-R290,,1,102.0,21.87,0.0022,,,regular
row,V04,V04-R291,,1,101.01,15.69,0.0016,,,regular
row,V04,V04-R292,,1,106.86,31.16,0.0031,,,regular
row,V04,V04-R293,,1,105.08,35.83,0.0036,,,regular
row,V04,V04-R294,,1,106.1,39.38,0.0039,,,regular
row,V04,V04-R295,,1,104.55,30.27,0.003,,,regular
row,V04,V04-R296,,1,104.02,29.22,0.0029,,,regular
row,V04,V04-R297,,1,105.52,28.2,0.0028,,,regular
row,V04,V04-R298,,1,104.2,35.39,0.0035,,,regular
row,V04,V04-R299,,1,106.97,31.89,0.0032,,,regular
row,V04,V04-R300,,1,104.61,39.31,0.0039,,,regular
row,V04,V04-R301,,1,109.35,48.83,0.0049,,,regular
row,V04,V04-R302,,1,110.87,46.03,0.0046,,,regular
row,V04,V04-R303,,1,106.11,33.44,0.0033,,,regular
row,V04,V04-R304,,1,107.01,97.95,0.0098,,,regular
row,V04,V04-R305,,1,100.52,78.84,0.0079,,,regular
row,V04,V04-R306,,1,109.23,88.56,0.0089,,,regular
row,V04,V04-R307,,1,2.61,1.93,0.0002,,,unassessable
row,V04,V04-R308,,1,101.31,69.19,0.0069,,,regular
row,V04,V04-R309,,1,106.2,70.81,0.0071,,,regular
row,V04,V04-R310,,1,96.8,54.52,0.0055,,,regular
row,V04,V04-R311,,1,100.89,66.0,0.0066,,,regular
row,V04,V04-R312,,1,106.86,65.2,0.0065,,,regular
row,V04,V04-R313,,1,102.0,59.3,0.0059,,,regular
row,V04,V04-R314,,1,10.6,4.76,0.0005,,,regular
row,V04,V04-R315,,1,105.48,37.98,0.0038,,,regular
row,V04,V04-R316,,1,87.01,21.41,0.0021,,,disrupted
row,V04,V04-R317,,1,103.65,34.79,0.0035,,,regular
row,V04,V04-R318,,1,106.72,35.19,0.0035,,,disrupted
row,V04,V04-R319,,1,6.6,6.55,0.0007,,,regular
row,V04,V04-R320,,1,97.03,29.59,0.003,,,disrupted
row,V04,V04-R321,,1,44.86,11.75,0.0012,,,disrupted
row,V04,V04-R322,,1,44.77,17.77,0.0018,,,regular
row,V05,V05-R001,,1,2.35,0.22,0.0,,,unassessable
row,V05,V05-R002,,1,2.35,0.53,0.0001,,,unassessable
row,V05,V05-R003,,1,8.96,2.78,0.0003,,,regular
row,V05,V05-R004,,1,6.45,2.07,0.0002,,,regular
row,V05,V05-R005,,1,7.15,2.2,0.0002,,,regular
row,V06,V06-R001,,1,2.75,2.26,0.0002,,,unassessable
row,V06,V06-R002,,1,17.71,3.39,0.0003,,,disrupted
row,V06,V06-R003,,1,9.9,1.1,0.0001,,,disrupted
row,V06,V06-R004,,1,4.61,3.24,0.0003,,,regular
row,V06,V06-R005,,1,49.78,20.29,0.002,,,regular
row,V06,V06-R006,,1,77.03,40.96,0.0041,,,regular
row,V06,V06-R007,,1,2.82,0.92,0.0001,,,unassessable
row,V06,V06-R008,,1,81.39,43.68,0.0044,,,regular
row,V06,V06-R009,,1,78.63,60.62,0.0061,,,regular
row,V06,V06-R010,,1,21.24,5.96,0.0006,,,disrupted
row,V06,V06-R011,,1,37.09,31.41,0.0031,,,regular
row,V06,V06-R012,,1,11.5,3.47,0.0003,,,disrupted
row,V06,V06-R013,,1,11.11,11.56,0.0012,,,regular
row,V07,V07-R001,,1,3.2,1.01,0.0001,,,regular
row,V07,V07-R002,,1,4.61,1.53,0.0002,,,regular
row,V07,V07-R003,,1,18.18,5.12,0.0005,,,disrupted
row,V07,V07-R004,,1,19.75,4.31,0.0004,,,disrupted
row,V07,V07-R005,,1,14.5,4.36,0.0004,,,regular
row,V07,V07-R006,,1,5.45,2.14,0.0002,,,regular
row,V07,V07-R007,,1,13.25,5.23,0.0005,,,regular
row,V07,V07-R008,,1,23.95,6.45,0.0006,,,regular
row,V07,V07-R009,,1,25.78,9.17,0.0009,,,regular
row,V07,V07-R010,,1,2.8,1.26,0.0001,,,unassessable
row,V07,V07-R011,,1,14.7,3.85,0.0004,,,regular
row,V07,V07-R012,,1,30.89,11.26,0.0011,,,regular
row,V07,V07-R013,,1,27.03,7.45,0.0007,,,regular
row,V07,V07-R014,,1,17.0,4.22,0.0004,,,regular
row,V07,V07-R015,,1,6.35,2.67,0.0003,,,regular
row,V07,V07-R016,,1,31.25,8.18,0.0008,,,regular
row,V07,V07-R017,,1,4.5,4.26,0.0004,,,regular
row,V07,V07-R018,,1,35.91,7.26,0.0007,,,disrupted
row,V07,V07-R019,,1,39.98,15.62,0.0016,,,regular
row,V07,V07-R020,,1,44.31,12.8,0.0013,,,regular
row,V07,V07-R021,,1,41.96,9.78,0.001,,,regular
row,V07,V07-R022,,1,41.77,9.51,0.001,,,regular
row,V07,V07-R023,,1,2.1,1.35,0.0001,,,unassessable
row,V07,V07-R024,,1,34.6,7.21,0.0007,,,regular
row,V07,V07-R025,,1,44.66,12.97,0.0013,,,regular
row,V07,V07-R026,,1,47.26,12.46,0.0012,,,regular
row,V07,V07-R027,,1,53.32,10.69,0.0011,,,regular
row,V07,V07-R028,,1,52.02,37.63,0.0038,,,regular
row,V07,V07-R029,,1,51.92,28.11,0.0028,,,regular
row,V07,V07-R030,,1,51.06,20.57,0.0021,,,regular
row,V07,V07-R031,,1,52.02,26.74,0.0027,,,regular
row,V07,V07-R032,,1,5.22,2.38,0.0002,,,regular
row,V07,V07-R033,,1,66.97,36.06,0.0036,,,regular
row,V07,V07-R034,,1,60.9,46.61,0.0047,,,regular
row,V07,V07-R035,,1,17.01,17.96,0.0018,,,regular
row,V07,V07-R036,,1,23.23,21.32,0.0021,,,regular
row,V07,V07-R037,,1,46.25,33.06,0.0033,,,disrupted
row,V07,V07-R038,,1,42.0,32.97,0.0033,,,disrupted
row,V07,V07-R039,,1,52.0,41.19,0.0041,,,regular
row,V07,V07-R040,,1,27.02,15.21,0.0015,,,disrupted
row,V07,V07-R041,,1,11.67,8.48,0.0008,,,regular
row,V07,V07-R042,,1,18.06,12.27,0.0012,,,regular
row,V07,V07-R043,,1,43.09,41.05,0.0041,,,regular
row,V07,V07-R044,,1,31.35,14.73,0.0015,,,disrupted
row,V07,V07-R045,,1,6.19,6.41,0.0006,,,regular
row,V07,V07-R046,,1,48.37,28.03,0.0028,,,disrupted
row,V07,V07-R047,,1,61.33,52.04,0.0052,,,disrupted
row,V07,V07-R048,,1,57.24,53.52,0.0054,,,regular
row,V07,V07-R049,,1,45.01,11.51,0.0012,,,regular
row,V07,V07-R050,,1,80.35,11.37,0.0011,,,disrupted
row,V07,V07-R051,,1,6.14,4.17,0.0004,,,regular
row,V07,V07-R052,,1,77.8,11.06,0.0011,,,disrupted
row,V07,V07-R053,,1,90.88,25.0,0.0025,,,regular
row,V07,V07-R054,,1,79.63,19.12,0.0019,,,regular
row,V07,V07-R055,,1,86.37,23.37,0.0023,,,regular
row,V07,V07-R056,,1,20.16,7.61,0.0008,,,regular
row,V07,V07-R057,,1,71.31,38.84,0.0039,,,disrupted
row,V07,V07-R058,,1,64.58,37.82,0.0038,,,regular
row,V07,V07-R059,,1,46.7,15.68,0.0016,,,regular
row,V07,V07-R060,,1,55.65,5.01,0.0005,,,disrupted
row,V07,V07-R061,,1,31.65,3.49,0.0003,,,disrupted
row,V07,V07-R062,,1,6.43,2.08,0.0002,,,regular
row,V08,V08-R001,,1,2.85,1.15,0.0001,,,unassessable
row,V08,V08-R002,,1,7.6,2.31,0.0002,,,regular
row,V08,V08-R003,,1,40.15,12.22,0.0012,,,disrupted
row,V08,V08-R004,,1,31.11,5.48,0.0005,,,regular
row,V08,V08-R005,,1,13.25,2.47,0.0002,,,regular
row,V08,V08-R006,,1,51.51,22.48,0.0022,,,regular
row,V08,V08-R007,,1,51.01,21.82,0.0022,,,regular
row,V08,V08-R008,,1,52.0,20.8,0.0021,,,regular
row,V08,V08-R009,,1,30.11,13.73,0.0014,,,regular
row,V08,V08-R010,,1,51.14,15.97,0.0016,,,disrupted
row,V08,V08-R011,,1,32.01,9.1,0.0009,,,regular
row,V08,V08-R012,,1,42.01,17.4,0.0017,,,regular
row,V08,V08-R013,,1,51.73,21.48,0.0021,,,regular
row,V08,V08-R014,,1,46.66,11.23,0.0011,,,disrupted
row,V08,V08-R015,,1,9.35,8.6,0.0009,,,regular
row,V08,V08-R016,,1,52.0,14.58,0.0015,,,disrupted
row,V08,V08-R017,,1,8.6,3.51,0.0004,,,regular
row,V08,V08-R018,,1,46.29,11.36,0.0011,,,disrupted
row,V08,V08-R019,,1,8.9,3.59,0.0004,,,regular
row,V08,V08-R020,,1,36.9,3.24,0.0003,,,disrupted
row,V08,V08-R021,,1,30.0,5.45,0.0005,,,disrupted
row,V09,V09-R001,,1,12.3,1.87,0.0002,,,regular
row,V09,V09-R002,,1,5.3,1.57,0.0002,,,regular
row,V09,V09-R003,,1,32.01,4.49,0.0004,,,disrupted
row,V09,V09-R004,,1,19.76,3.39,0.0003,,,regular
row,V09,V09-R005,,1,7.0,6.55,0.0007,,,regular
row,V09,V09-R006,,1,32.76,13.76,0.0014,,,regular
row,V09,V09-R007,,1,29.92,7.36,0.0007,,,regular
row,V09,V09-R008,,1,6.56,1.1,0.0001,,,regular
row,V09,V09-R009,,1,11.07,3.93,0.0004,,,regular
row,V09,V09-R010,,1,15.15,1.64,0.0002,,,disrupted
row,V09,V09-R011,,1,16.4,5.02,0.0005,,,regular
row,V09,V09-R012,,1,2.0,1.06,0.0001,,,unassessable
row,V09,V09-R013,,1,27.0,15.3,0.0015,,,regular
row,V09,V09-R014,,1,17.75,8.07,0.0008,,,regular
row,V09,V09-R015,,1,27.01,10.76,0.0011,,,regular
row,V09,V09-R016,,1,16.7,1.26,0.0001,,,regular
row,V09,V09-R017,,1,2.8,1.4,0.0001,,,unassessable
row,V09,V09-R018,,1,3.91,1.37,0.0001,,,regular
row,V10,V10-R001,,1,35.49,34.35,0.0034,,,regular
row,V10,V10-R002,,1,12.75,13.28,0.0013,,,regular
row,V10,V10-R003,,1,13.2,8.56,0.0009,,,regular
row,V10,V10-R004,,1,6.29,6.44,0.0006,,,regular
row,V10,V10-R005,,1,6.15,6.95,0.0007,,,regular
row,V10,V10-R006,,1,17.63,15.11,0.0015,,,regular
row,V10,V10-R007,,1,42.65,43.04,0.0043,,,regular
row,V10,V10-R008,,1,8.2,4.39,0.0004,,,regular
row,V10,V10-R009,,1,36.66,28.48,0.0028,,,regular
row,V10,V10-R010,,1,48.67,40.16,0.004,,,regular
row,V10,V10-R011,,1,4.95,2.15,0.0002,,,regular
row,V10,V10-R012,,1,144.61,62.75,0.0063,,,disrupted
row,V10,V10-R013,,1,7.95,6.62,0.0007,,,regular
row,V10,V10-R014,,1,41.04,22.63,0.0023,,,regular
row,V10,V10-R015,,1,103.75,37.97,0.0038,,,regular
row,V10,V10-R016,,1,20.32,11.31,0.0011,,,regular
row,V10,V10-R017,,1,7.85,2.4,0.0002,,,regular
row,V10,V10-R018,,1,112.01,37.9,0.0038,,,regular
row,V10,V10-R019,,1,106.42,28.56,0.0029,,,disrupted
row,V10,V10-R020,,1,114.62,29.37,0.0029,,,regular
row,V10,V10-R021,,1,97.05,31.01,0.0031,,,regular
row,V10,V10-R022,,1,110.41,26.22,0.0026,,,regular
row,V10,V10-R023,,1,96.1,25.22,0.0025,,,regular
row,V10,V10-R024,,1,108.81,23.98,0.0024,,,regular
row,V10,V10-R025,,1,94.7,27.62,0.0028,,,regular
row,V10,V10-R026,,1,110.41,31.08,0.0031,,,regular
row,V10,V10-R027,,1,94.96,30.49,0.003,,,regular
row,V10,V10-R028,,1,111.85,32.12,0.0032,,,regular
row,V10,V10-R029,,1,97.91,35.47,0.0035,,,regular
row,V10,V10-R030,,1,121.66,31.87,0.0032,,,regular
row,V10,V10-R031,,1,96.7,27.96,0.0028,,,regular
row,V10,V10-R032,,1,112.42,27.57,0.0028,,,regular
row,V10,V10-R033,,1,97.35,34.81,0.0035,,,regular
row,V10,V10-R034,,1,6.7,6.31,0.0006,,,regular
row,V10,V10-R035,,1,107.94,29.09,0.0029,,,regular
row,V10,V10-R036,,1,95.55,28.77,0.0029,,,regular
row,V10,V10-R037,,1,120.81,40.54,0.0041,,,disrupted
row,V10,V10-R038,,1,97.13,32.38,0.0032,,,regular
row,V10,V10-R039,,1,121.81,31.34,0.0031,,,regular
row,V10,V10-R040,,1,97.21,31.87,0.0032,,,regular
row,V10,V10-R041,,1,97.55,35.35,0.0035,,,regular
row,V10,V10-R042,,1,181.53,77.81,0.0078,,,disrupted
row,V10,V10-R043,,1,3.3,3.19,0.0003,,,regular
row,V10,V10-R044,,1,109.31,33.6,0.0034,,,disrupted
row,V10,V10-R045,,1,81.0,14.48,0.0014,,,regular
row,V10,V10-R046,,1,72.96,12.79,0.0013,,,regular
row,V10,V10-R047,,1,96.71,35.78,0.0036,,,regular
row,V10,V10-R048,,1,24.92,23.04,0.0023,,,regular
row,V10,V10-R049,,1,100.61,25.83,0.0026,,,disrupted
row,V10,V10-R050,,1,97.76,24.72,0.0025,,,regular
row,V10,V10-R051,,1,98.1,28.1,0.0028,,,regular
row,V10,V10-R052,,1,12.06,2.63,0.0003,,,regular
row,V10,V10-R053,,1,95.05,24.33,0.0024,,,regular
row,V10,V10-R054,,1,22.8,4.08,0.0004,,,regular
row,V10,V10-R055,,1,157.38,105.0,0.0105,,,regular
row,V10,V10-R056,,1,102.7,19.42,0.0019,,,regular
row,V10,V10-R057,,1,96.0,25.24,0.0025,,,regular
row,V10,V10-R058,,1,100.61,30.76,0.0031,,,regular
row,V10,V10-R059,,1,104.7,21.67,0.0022,,,regular
row,V10,V10-R060,,1,96.15,23.13,0.0023,,,regular
row,V10,V10-R061,,1,100.36,34.03,0.0034,,,regular
row,V10,V10-R062,,1,105.35,24.69,0.0025,,,regular
row,V10,V10-R063,,1,94.86,23.58,0.0024,,,regular
row,V10,V10-R064,,1,100.31,29.09,0.0029,,,regular
row,V10,V10-R065,,1,104.56,22.57,0.0023,,,regular
row,V10,V10-R066,,1,98.2,31.22,0.0031,,,regular
row,V10,V10-R067,,1,101.6,33.18,0.0033,,,regular
row,V10,V10-R068,,1,104.95,22.54,0.0023,,,regular
row,V10,V10-R069,,1,99.36,28.01,0.0028,,,regular
row,V10,V10-R070,,1,98.71,33.72,0.0034,,,regular
row,V10,V10-R071,,1,104.95,23.74,0.0024,,,regular
row,V10,V10-R072,,1,97.35,30.91,0.0031,,,regular
row,V10,V10-R073,,1,104.75,26.94,0.0027,,,regular
row,V10,V10-R074,,1,100.41,33.89,0.0034,,,regular
row,V10,V10-R075,,1,98.76,29.34,0.0029,,,regular
row,V10,V10-R076,,1,101.81,38.18,0.0038,,,regular
row,V10,V10-R077,,1,104.15,29.59,0.003,,,regular
row,V10,V10-R078,,1,97.6,26.58,0.0027,,,regular
row,V10,V10-R079,,1,101.9,30.86,0.0031,,,regular
row,V10,V10-R080,,1,104.16,36.62,0.0037,,,regular
row,V10,V10-R081,,1,97.4,30.97,0.0031,,,regular
row,V10,V10-R082,,1,101.05,29.24,0.0029,,,regular
row,V10,V10-R083,,1,105.35,28.16,0.0028,,,regular
row,V10,V10-R084,,1,97.45,28.36,0.0028,,,regular
row,V10,V10-R085,,1,29.93,3.5,0.0003,,,disrupted
row,V10,V10-R086,,1,99.71,36.95,0.0037,,,regular
row,V10,V10-R087,,1,103.95,31.19,0.0031,,,regular
row,V10,V10-R088,,1,97.46,27.88,0.0028,,,regular
row,V10,V10-R089,,1,101.65,29.53,0.003,,,regular
row,V10,V10-R090,,1,104.95,25.4,0.0025,,,regular
row,V10,V10-R091,,1,96.76,26.08,0.0026,,,regular
row,V10,V10-R092,,1,101.2,31.96,0.0032,,,regular
row,V10,V10-R093,,1,103.35,28.32,0.0028,,,regular
row,V10,V10-R094,,1,97.85,24.01,0.0024,,,regular
row,V10,V10-R095,,1,101.9,32.93,0.0033,,,regular
row,V10,V10-R096,,1,97.71,26.65,0.0027,,,regular
row,V10,V10-R097,,1,105.15,27.19,0.0027,,,regular
row,V10,V10-R098,,1,101.06,33.26,0.0033,,,regular
row,V10,V10-R099,,1,97.21,30.55,0.0031,,,regular
row,V10,V10-R100,,1,104.75,28.98,0.0029,,,regular
row,V10,V10-R101,,1,100.85,31.96,0.0032,,,regular
row,V10,V10-R102,,1,98.1,30.89,0.0031,,,regular
row,V10,V10-R103,,1,104.55,28.87,0.0029,,,regular
row,V10,V10-R104,,1,101.05,38.08,0.0038,,,regular
row,V10,V10-R105,,1,96.55,30.07,0.003,,,regular
row,V10,V10-R106,,1,105.16,29.37,0.0029,,,regular
row,V10,V10-R107,,1,100.4,38.8,0.0039,,,regular
row,V10,V10-R108,,1,97.7,33.02,0.0033,,,regular
row,V10,V10-R109,,1,104.56,31.74,0.0032,,,regular
row,V10,V10-R110,,1,95.16,28.64,0.0029,,,regular
row,V10,V10-R111,,1,45.55,13.67,0.0014,,,regular
row,V10,V10-R112,,1,103.95,32.2,0.0032,,,regular
row,V10,V10-R113,,1,98.06,28.06,0.0028,,,regular
row,V10,V10-R114,,1,46.0,14.16,0.0014,,,regular
row,V10,V10-R115,,1,103.56,31.51,0.0032,,,regular
row,V10,V10-R116,,1,44.05,11.64,0.0012,,,regular
row,V10,V10-R117,,1,98.66,27.57,0.0028,,,regular
row,V10,V10-R118,,1,104.96,30.86,0.0031,,,regular
row,V10,V10-R119,,1,45.05,12.37,0.0012,,,regular
row,V10,V10-R120,,1,96.15,19.84,0.002,,,regular
row,V10,V10-R121,,1,103.6,27.52,0.0028,,,regular
row,V10,V10-R122,,1,95.75,20.76,0.0021,,,regular
row,V10,V10-R123,,1,43.05,11.77,0.0012,,,regular
row,V10,V10-R124,,1,104.35,28.44,0.0028,,,regular
row,V10,V10-R125,,1,94.45,21.36,0.0021,,,regular
row,V10,V10-R126,,1,104.35,30.68,0.0031,,,regular
row,V10,V10-R127,,1,43.6,12.9,0.0013,,,regular
row,V10,V10-R128,,1,105.15,25.62,0.0026,,,regular
row,V10,V10-R129,,1,80.1,14.94,0.0015,,,regular
row,V10,V10-R130,,1,43.2,12.89,0.0013,,,regular
row,V10,V10-R131,,1,104.76,26.79,0.0027,,,regular
row,V10,V10-R132,,1,97.56,23.48,0.0023,,,regular
row,V10,V10-R133,,1,43.8,11.38,0.0011,,,regular
row,V10,V10-R134,,1,95.7,18.32,0.0018,,,regular
row,V10,V10-R135,,1,104.95,25.32,0.0025,,,regular
row,V10,V10-R136,,1,44.65,14.88,0.0015,,,regular
row,V10,V10-R137,,1,93.7,22.56,0.0023,,,regular
row,V10,V10-R138,,1,44.9,14.32,0.0014,,,regular
row,V10,V10-R139,,1,104.55,30.92,0.0031,,,regular
row,V10,V10-R140,,1,88.35,17.58,0.0018,,,regular
row,V10,V10-R141,,1,43.05,12.09,0.0012,,,regular
row,V10,V10-R142,,1,105.35,32.35,0.0032,,,regular
row,V10,V10-R143,,1,84.95,17.84,0.0018,,,regular
row,V10,V10-R144,,1,45.85,14.44,0.0014,,,regular
row,V10,V10-R145,,1,104.55,36.54,0.0037,,,regular
row,V10,V10-R146,,1,81.5,14.12,0.0014,,,regular
row,V10,V10-R147,,1,104.35,30.97,0.0031,,,regular
row,V10,V10-R148,,1,40.8,13.02,0.0013,,,regular
row,V10,V10-R149,,1,78.0,16.58,0.0017,,,regular
row,V10,V10-R150,,1,44.1,15.9,0.0016,,,regular
row,V10,V10-R151,,1,104.55,42.62,0.0043,,,regular
row,V10,V10-R152,,1,45.6,12.91,0.0013,,,regular
row,V10,V10-R153,,1,73.15,11.64,0.0012,,,disrupted
row,V10,V10-R154,,1,104.55,34.18,0.0034,,,regular
row,V10,V10-R155,,1,43.95,13.94,0.0014,,,regular
row,V10,V10-R156,,1,104.95,36.8,0.0037,,,regular
row,V10,V10-R157,,1,12.01,10.81,0.0011,,,regular
row,V10,V10-R158,,1,99.54,78.53,0.0079,,,regular
row,V10,V10-R159,,1,36.16,30.88,0.0031,,,regular
row,V10,V10-R160,,1,32.06,19.49,0.0019,,,regular
row,V10,V10-R161,,1,37.14,25.07,0.0025,,,disrupted
row,V10,V10-R162,,1,12.75,7.62,0.0008,,,disrupted
row,V10,V10-R163,,1,3.85,3.49,0.0003,,,regular
row,V11,V11-R001,,1,6.35,3.91,0.0004,,,regular
row,V11,V11-R002,,1,3.6,3.39,0.0003,,,regular
row,V11,V11-R003,,1,8.9,8.51,0.0009,,,regular
row,V11,V11-R004,,1,9.15,7.03,0.0007,,,regular
row,V11,V11-R005,,1,6.8,6.53,0.0007,,,regular
row,V11,V11-R006,,1,22.35,6.7,0.0007,,,disrupted
row,V12,V12-R001,,1,11.86,12.51,0.0013,,,regular
row,V12,V12-R002,,1,78.47,75.76,0.0076,,,disrupted
row,V12,V12-R003,,1,38.78,43.26,0.0043,,,regular
row,V12,V12-R004,,1,32.01,27.62,0.0028,,,disrupted
row,V12,V12-R005,,1,49.32,37.42,0.0037,,,disrupted
row,V12,V12-R006,,1,6.81,3.64,0.0004,,,regular
row,V12,V12-R007,,1,80.95,82.56,0.0083,,,regular
row,V12,V12-R008,,1,17.0,19.77,0.002,,,regular
row,V12,V12-R009,,1,7.86,9.05,0.0009,,,regular
row,V13,V13-R001,,1,22.47,22.8,0.0023,,,regular
row,V13,V13-R002,,1,3.75,1.9,0.0002,,,regular
row,V13,V13-R003,,1,4.91,2.83,0.0003,,,regular
row,V13,V13-R004,,1,9.76,7.83,0.0008,,,regular
row,V13,V13-R005,,1,9.35,5.49,0.0005,,,regular
row,V14,V14-R001,,1,8.61,2.88,0.0003,,,regular
row,V14,V14-R002,,1,16.95,2.44,0.0002,,,regular
row,V14,V14-R003,,1,26.27,11.78,0.0012,,,regular
row,V14,V14-R004,,1,4.6,3.18,0.0003,,,regular
row,V14,V14-R005,,1,92.0,22.49,0.0022,,,disrupted
row,V14,V14-R006,,1,10.3,9.33,0.0009,,,regular
row,V14,V14-R007,,1,18.3,6.39,0.0006,,,regular
row,V14,V14-R008,,1,106.2,91.35,0.0091,,,regular
row,V14,V14-R009,,1,30.45,15.57,0.0016,,,disrupted
row,V14,V14-R010,,1,16.61,7.33,0.0007,,,regular
row,V14,V14-R011,,1,107.0,68.8,0.0069,,,regular
row,V14,V14-R012,,1,14.96,10.2,0.001,,,regular
row,V14,V14-R013,,1,100.61,69.34,0.0069,,,regular
row,V14,V14-R014,,1,34.51,16.09,0.0016,,,disrupted
row,V14,V14-R015,,1,5.9,5.63,0.0006,,,regular
row,V14,V14-R016,,1,9.4,6.23,0.0006,,,regular
row,V14,V14-R017,,1,101.43,78.39,0.0078,,,regular
row,V14,V14-R018,,1,66.95,62.77,0.0063,,,regular
row,V14,V14-R019,,1,31.62,26.79,0.0027,,,regular
row,V14,V14-R020,,1,26.44,9.4,0.0009,,,disrupted
row,V14,V14-R021,,1,6.06,3.01,0.0003,,,regular
row,V14,V14-R022,,1,100.5,57.27,0.0057,,,regular
row,V14,V14-R023,,1,92.12,66.97,0.0067,,,disrupted
row,V14,V14-R024,,1,14.65,7.48,0.0007,,,regular
row,V14,V14-R025,,1,76.89,51.21,0.0051,,,disrupted
row,V14,V14-R026,,1,141.87,72.75,0.0073,,,disrupted
row,V14,V14-R027,,1,8.6,2.17,0.0002,,,regular
row,V14,V14-R028,,1,70.05,16.87,0.0017,,,disrupted
row,V14,V14-R029,,1,10.95,3.39,0.0003,,,regular
row,V14,V14-R030,,1,99.1,39.21,0.0039,,,regular
row,V14,V14-R031,,1,87.5,13.3,0.0013,,,disrupted
row,V14,V14-R032,,1,137.81,52.92,0.0053,,,regular
row,V14,V14-R033,,1,24.99,14.26,0.0014,,,regular
row,V14,V14-R034,,1,71.8,20.11,0.002,,,regular
row,V14,V14-R035,,1,91.4,14.93,0.0015,,,disrupted
row,V14,V14-R036,,1,101.65,52.08,0.0052,,,regular
row,V14,V14-R037,,1,77.12,18.73,0.0019,,,disrupted
row,V14,V14-R038,,1,88.2,39.15,0.0039,,,regular
row,V14,V14-R039,,1,84.7,21.87,0.0022,,,disrupted
row,V14,V14-R040,,1,157.07,73.32,0.0073,,,regular
row,V14,V14-R041,,1,99.11,32.91,0.0033,,,regular
row,V14,V14-R042,,1,104.85,51.99,0.0052,,,regular
row,V14,V14-R043,,1,90.9,30.21,0.003,,,regular
row,V14,V14-R044,,1,44.11,14.86,0.0015,,,regular
row,V14,V14-R045,,1,94.62,34.0,0.0034,,,regular
row,V14,V14-R046,,1,86.55,19.75,0.002,,,regular
row,V14,V14-R047,,1,152.32,44.47,0.0044,,,regular
row,V14,V14-R048,,1,95.97,35.61,0.0036,,,regular
row,V14,V14-R049,,1,51.8,15.42,0.0015,,,regular
row,V14,V14-R050,,1,154.12,54.22,0.0054,,,disrupted
row,V14,V14-R051,,1,95.99,42.2,0.0042,,,disrupted
row,V14,V14-R052,,1,86.52,45.15,0.0045,,,regular
row,V14,V14-R053,,1,94.74,22.13,0.0022,,,disrupted
row,V14,V14-R054,,1,17.26,10.88,0.0011,,,regular
row,V14,V14-R055,,1,39.05,19.03,0.0019,,,regular
row,V14,V14-R056,,1,28.55,4.85,0.0005,,,disrupted
row,V14,V14-R057,,1,0.6,0.0,0.0,,,unassessable
row,V14,V14-R058,,1,62.03,28.21,0.0028,,,disrupted
row,V14,V14-R059,,1,21.8,5.78,0.0006,,,regular
row,V14,V14-R060,,1,15.22,3.16,0.0003,,,regular
row,V14,V14-R061,,1,9.26,1.06,0.0001,,,disrupted
row,V14,V14-R062,,1,36.9,20.43,0.002,,,regular
row,V14,V14-R063,,1,9.7,7.51,0.0008,,,regular
row,V14,V14-R064,,1,3.95,0.76,0.0001,,,regular
row,V14,V14-R065,,1,7.8,0.97,0.0001,,,regular
row,V14,V14-R066,,1,5.8,0.91,0.0001,,,regular
row,V14,V14-R067,,1,14.61,15.18,0.0015,,,regular
row,V14,V14-R068,,1,3.5,0.75,0.0001,,,regular
row,V14,V14-R069,,1,8.75,1.07,0.0001,,,regular
row,V14,V14-R070,,1,6.93,2.89,0.0003,,,regular
row,V14,V14-R071,,1,1.15,0.0,0.0,,,unassessable
row,V14,V14-R072,,1,21.77,13.04,0.0013,,,regular
row,V14,V14-R073,,1,25.25,6.0,0.0006,,,disrupted
row,V14,V14-R074,,1,2.45,1.51,0.0002,,,unassessable
row,V15,V15-R001,,1,51.63,9.88,0.001,,,disrupted
row,V15,V15-R002,,1,26.27,23.21,0.0023,,,regular
row,V15,V15-R003,,1,21.32,7.91,0.0008,,,regular
row,V15,V15-R004,,1,36.21,14.62,0.0015,,,disrupted
row,V15,V15-R005,,1,56.7,3.89,0.0004,,,disrupted
row,V15,V15-R006,,1,56.3,11.99,0.0012,,,regular
row,V15,V15-R007,,1,60.02,33.19,0.0033,,,regular
row,V15,V15-R008,,1,60.63,52.05,0.0052,,,regular
row,V15,V15-R009,,1,67.05,48.77,0.0049,,,regular
row,V15,V15-R010,,1,55.85,41.75,0.0042,,,regular
row,V15,V15-R011,,1,62.51,51.45,0.0051,,,regular
row,V15,V15-R012,,1,70.16,51.02,0.0051,,,regular
row,V15,V15-R013,,1,66.58,55.11,0.0055,,,regular
row,V15,V15-R014,,1,72.57,62.11,0.0062,,,regular
row,V15,V15-R015,,1,6.02,5.76,0.0006,,,regular
row,V15,V15-R016,,1,56.04,32.12,0.0032,,,disrupted
row,V15,V15-R017,,1,50.0,27.43,0.0027,,,disrupted
row,V16,V16-R001,,1,8.71,5.6,0.0006,,,regular
row,V16,V16-R002,,1,58.31,16.88,0.0017,,,regular
row,V16,V16-R003,,1,45.3,19.1,0.0019,,,regular
row,V16,V16-R004,,1,56.4,26.21,0.0026,,,regular
row,V16,V16-R005,,1,62.18,33.27,0.0033,,,regular
row,V16,V16-R006,,1,94.33,27.24,0.0027,,,disrupted
row,V16,V16-R007,,1,111.34,32.61,0.0033,,,disrupted
row,V16,V16-R008,,1,30.64,7.63,0.0008,,,regular
row,V16,V16-R009,,1,36.92,26.64,0.0027,,,regular
row,V16,V16-R010,,1,3.86,1.19,0.0001,,,regular
row,V16,V16-R011,,1,114.33,58.28,0.0058,,,regular
row,V16,V16-R012,,1,117.45,44.0,0.0044,,,regular
row,V16,V16-R013,,1,117.97,47.38,0.0047,,,regular
row,V16,V16-R014,,1,126.82,42.64,0.0043,,,disrupted
row,V16,V16-R015,,1,112.72,52.74,0.0053,,,regular
row,V16,V16-R016,,1,2.21,0.79,0.0001,,,unassessable
row,V16,V16-R017,,1,91.15,31.77,0.0032,,,regular
row,V16,V16-R018,,1,82.06,18.82,0.0019,,,disrupted
row,V16,V16-R019,,1,111.41,20.49,0.002,,,disrupted
row,V16,V16-R020,,1,73.08,23.58,0.0024,,,regular
row,V16,V16-R021,,1,16.8,6.77,0.0007,,,regular
row,V16,V16-R022,,1,2.15,0.26,0.0,,,unassessable
row,V16,V16-R023,,1,9.35,1.56,0.0002,,,regular
row,V16,V16-R024,,1,69.28,28.5,0.0029,,,regular
row,V16,V16-R025,,1,5.31,3.84,0.0004,,,regular
row,V17,V17-R001,,1,1.4,0.6,0.0001,,,unassessable
row,V17,V17-R002,,1,1.7,1.24,0.0001,,,unassessable
row,V17,V17-R003,,1,0.45,0.0,0.0,,,unassessable
row,V17,V17-R004,,1,11.26,11.04,0.0011,,,regular
row,V17,V17-R005,,1,31.94,10.36,0.001,,,regular
row,V17,V17-R006,,1,3.17,1.78,0.0002,,,regular
row,V17,V17-R007,,1,41.22,15.81,0.0016,,,regular
row,V17,V17-R008,,1,32.0,14.7,0.0015,,,regular
row,V17,V17-R009,,1,32.01,15.92,0.0016,,,regular
row,V17,V17-R010,,1,30.95,11.52,0.0012,,,regular
row,V17,V17-R011,,1,32.0,16.77,0.0017,,,regular
row,V17,V17-R012,,1,37.04,17.35,0.0017,,,regular
row,V17,V17-R013,,1,43.92,8.64,0.0009,,,disrupted
row,V17,V17-R014,,1,32.0,10.75,0.0011,,,regular
row,V17,V17-R015,,1,37.01,14.96,0.0015,,,regular
row,V17,V17-R016,,1,40.4,24.7,0.0025,,,regular
row,V17,V17-R017,,1,27.0,13.12,0.0013,,,regular
row,V17,V17-R018,,1,43.52,22.38,0.0022,,,regular
row,V17,V17-R019,,1,7.71,6.82,0.0007,,,regular
row,V17,V17-R020,,1,2.8,2.37,0.0002,,,unassessable
row,V17,V17-R021,,1,36.35,14.59,0.0015,,,disrupted
row,V17,V17-R022,,1,36.25,18.57,0.0019,,,disrupted
row,V18,V18-R001,,1,11.3,12.43,0.0012,,,regular
row,V18,V18-R002,,1,46.05,37.22,0.0037,,,regular
row,V18,V18-R003,,1,46.45,18.58,0.0019,,,disrupted
row,V18,V18-R004,,1,5.11,5.04,0.0005,,,regular
row,V18,V18-R005,,1,51.17,10.81,0.0011,,,disrupted
row,V18,V18-R006,,1,52.34,6.59,0.0007,,,regular
row,V18,V18-R007,,1,62.01,11.76,0.0012,,,regular
row,V18,V18-R008,,1,74.76,29.24,0.0029,,,regular
row,V18,V18-R009,,1,64.65,18.84,0.0019,,,regular
row,V18,V18-R010,,1,62.41,17.24,0.0017,,,regular
row,V18,V18-R011,,1,64.61,11.76,0.0012,,,disrupted
row,V18,V18-R012,,1,5.95,2.39,0.0002,,,regular
row,V18,V18-R013,,1,57.68,24.61,0.0025,,,regular
row,V18,V18-R014,,1,54.27,33.42,0.0033,,,regular
row,V18,V18-R015,,1,57.05,33.81,0.0034,,,regular
row,V18,V18-R016,,1,7.02,5.16,0.0005,,,regular
row,V18,V18-R017,,1,13.1,3.21,0.0003,,,regular
row,V18,V18-R018,,1,5.82,4.2,0.0004,,,regular
row,V18,V18-R019,,1,61.68,23.14,0.0023,,,regular
row,V18,V18-R020,,1,52.01,15.52,0.0016,,,disrupted
row,V18,V18-R021,,1,1.6,0.68,0.0001,,,unassessable
row,V18,V18-R022,,1,39.4,3.83,0.0004,,,disrupted
row,V19,V19-R001,,1,11.53,12.01,0.0012,,,regular
row,V19,V19-R002,,1,2.7,2.5,0.0002,,,unassessable
row,V19,V19-R003,,1,27.02,31.38,0.0031,,,regular
row,V19,V19-R004,,1,2.45,2.05,0.0002,,,unassessable
row,V19,V19-R005,,1,31.8,33.06,0.0033,,,regular
row,V19,V19-R006,,1,22.0,18.62,0.0019,,,regular
row,V19,V19-R007,,1,8.6,8.6,0.0009,,,regular
row,V19,V19-R008,,1,27.01,21.46,0.0021,,,regular
row,V19,V19-R009,,1,12.05,10.83,0.0011,,,regular
row,V19,V19-R010,,1,20.87,18.57,0.0019,,,regular
row,V19,V19-R011,,1,50.25,38.28,0.0038,,,regular
row,V19,V19-R012,,1,52.07,35.61,0.0036,,,regular
row,V19,V19-R013,,1,38.39,28.76,0.0029,,,regular
row,V19,V19-R014,,1,47.03,32.15,0.0032,,,regular
row,V19,V19-R015,,1,2.4,1.18,0.0001,,,unassessable
row,V19,V19-R016,,1,61.37,12.96,0.0013,,,regular
row,V19,V19-R017,,1,52.03,9.1,0.0009,,,disrupted
row,V19,V19-R018,,1,61.01,12.63,0.0013,,,regular
row,V19,V19-R019,,1,66.4,21.2,0.0021,,,regular
row,V20,V20-R001,,1,56.78,28.55,0.0029,,,regular
row,V20,V20-R002,,1,20.3,8.05,0.0008,,,regular
row,V20,V20-R003,,1,55.1,14.52,0.0015,,,regular
row,V20,V20-R004,,1,55.11,10.97,0.0011,,,regular
row,V20,V20-R005,,1,55.31,17.17,0.0017,,,regular
row,V20,V20-R006,,1,50.85,16.08,0.0016,,,regular
row,V20,V20-R007,,1,58.41,20.19,0.002,,,regular
row,V20,V20-R008,,1,56.86,12.33,0.0012,,,regular
row,V20,V20-R009,,1,41.4,8.19,0.0008,,,regular
row,V20,V20-R010,,1,51.7,11.45,0.0011,,,regular
row,V20,V20-R011,,1,49.76,8.42,0.0008,,,regular
row,V20,V20-R012,,1,47.31,7.39,0.0007,,,regular
row,V20,V20-R013,,1,51.71,6.21,0.0006,,,disrupted
row,V20,V20-R014,,1,51.21,23.02,0.0023,,,disrupted
row,V20,V20-R015,,1,22.05,10.18,0.001,,,regular
row,V20,V20-R016,,1,7.35,2.17,0.0002,,,regular
row,V20,V20-R017,,1,2.05,1.71,0.0002,,,unassessable
row,V21,V21-R001,,1,2.91,1.85,0.0002,,,unassessable
row,V21,V21-R002,,1,9.45,6.49,0.0006,,,regular
row,V21,V21-R003,,1,15.02,7.14,0.0007,,,regular
row,V21,V21-R004,,1,35.5,4.6,0.0005,,,disrupted
row,V21,V21-R005,,1,27.45,4.64,0.0005,,,disrupted
row,V21,V21-R006,,1,46.27,19.13,0.0019,,,disrupted
row,V21,V21-R007,,1,7.05,1.59,0.0002,,,regular
row,V21,V21-R008,,1,72.79,35.22,0.0035,,,regular
row,V21,V21-R009,,1,5.21,4.2,0.0004,,,regular
row,V21,V21-R010,,1,74.03,30.47,0.003,,,regular
row,V21,V21-R011,,1,4.7,4.59,0.0005,,,regular
row,V21,V21-R012,,1,82.04,37.95,0.0038,,,regular
row,V21,V21-R013,,1,85.91,58.31,0.0058,,,regular
row,V21,V21-R014,,1,42.02,33.29,0.0033,,,regular
row,V21,V21-R015,,1,76.43,40.23,0.004,,,disrupted
row,V21,V21-R016,,1,1.65,0.22,0.0,,,unassessable
row,V21,V21-R017,,1,52.03,32.26,0.0032,,,regular
row,V21,V21-R018,,1,39.14,26.33,0.0026,,,regular
row,V21,V21-R019,,1,76.63,28.96,0.0029,,,regular
row,V21,V21-R020,,1,47.01,27.68,0.0028,,,regular
row,V21,V21-R021,,1,64.57,45.65,0.0046,,,regular
row,V21,V21-R022,,1,61.15,29.81,0.003,,,disrupted
row,V21,V21-R023,,1,63.81,44.7,0.0045,,,regular
row,V21,V21-R024,,1,22.0,15.74,0.0016,,,regular
row,V21,V21-R025,,1,35.85,11.24,0.0011,,,disrupted
row,V21,V21-R026,,1,14.12,7.28,0.0007,,,regular
row,V21,V21-R027,,1,55.42,37.64,0.0038,,,disrupted
row,V21,V21-R028,,1,62.01,31.94,0.0032,,,regular
row,V21,V21-R029,,1,3.05,2.62,0.0003,,,regular
row,V21,V21-R030,,1,1.35,0.57,0.0001,,,unassessable
row,V21,V21-R031,,1,17.37,13.34,0.0013,,,regular
row,V21,V21-R032,,1,43.64,26.1,0.0026,,,regular
row,V22,V22-R001,,1,44.97,8.95,0.0009,,,disrupted
row,V22,V22-R002,,1,43.56,12.55,0.0013,,,regular
row,V22,V22-R003,,1,41.5,10.6,0.0011,,,regular
row,V22,V22-R004,,1,34.56,9.29,0.0009,,,regular
row,V22,V22-R005,,1,38.06,7.05,0.0007,,,regular
row,V22,V22-R006,,1,45.16,8.93,0.0009,,,disrupted
row,V22,V22-R007,,1,26.37,5.65,0.0006,,,regular
row,V22,V22-R008,,1,1.5,0.78,0.0001,,,unassessable
row,V23,V23-R001,,1,23.35,14.21,0.0014,,,regular
row,V23,V23-R002,,1,8.7,8.88,0.0009,,,regular
row,V23,V23-R003,,1,67.06,42.53,0.0043,,,disrupted
row,V23,V23-R004,,1,83.5,44.71,0.0045,,,disrupted
row,V23,V23-R005,,1,4.45,3.55,0.0004,,,regular
row,V23,V23-R006,,1,66.9,41.48,0.0041,,,disrupted
row,V23,V23-R007,,1,38.56,30.94,0.0031,,,regular
row,V23,V23-R008,,1,80.38,50.21,0.005,,,regular
row,V23,V23-R009,,1,83.21,51.89,0.0052,,,regular
row,V23,V23-R010,,1,87.01,47.18,0.0047,,,regular
row,V23,V23-R011,,1,83.78,40.3,0.004,,,regular
row,V23,V23-R012,,1,3.6,1.05,0.0001,,,regular
row,V23,V23-R013,,1,72.02,33.62,0.0034,,,regular
row,V23,V23-R014,,1,80.68,42.03,0.0042,,,regular
row,V23,V23-R015,,1,60.1,37.47,0.0037,,,regular
row,V23,V23-R016,,1,8.42,3.38,0.0003,,,regular
row,V23,V23-R017,,1,72.04,47.46,0.0047,,,disrupted
row,V23,V23-R018,,1,7.01,3.0,0.0003,,,regular
row,V23,V23-R019,,1,70.92,43.08,0.0043,,,disrupted
row,V23,V23-R020,,1,42.32,18.56,0.0019,,,disrupted
row,V23,V23-R021,,1,16.48,10.82,0.0011,,,regular
row,V23,V23-R022,,1,60.51,36.43,0.0036,,,regular
row,V24,V24-R001,,1,11.26,9.62,0.001,,,regular
row,V24,V24-R002,,1,19.89,13.26,0.0013,,,regular
row,V24,V24-R003,,1,2.45,1.97,0.0002,,,unassessable
row,V24,V24-R004,,1,74.41,32.32,0.0032,,,disrupted
row,V24,V24-R005,,1,49.14,17.55,0.0018,,,regular
row,V24,V24-R006,,1,5.91,5.14,0.0005,,,regular
row,V24,V24-R007,,1,73.91,42.63,0.0043,,,disrupted
row,V24,V24-R008,,1,70.89,32.44,0.0032,,,disrupted
row,V24,V24-R009,,1,83.47,11.43,0.0011,,,regular
row,V24,V24-R010,,1,62.58,20.5,0.002,,,regular
row,V24,V24-R011,,1,64.98,21.32,0.0021,,,regular
row,V24,V24-R012,,1,1.05,0.21,0.0,,,unassessable
row,V24,V24-R013,,1,72.1,28.7,0.0029,,,regular
row,V24,V24-R014,,1,51.71,12.77,0.0013,,,disrupted
row,V24,V24-R015,,1,12.01,10.58,0.0011,,,regular
row,V24,V24-R016,,1,71.15,22.21,0.0022,,,regular
row,V24,V24-R017,,1,76.39,44.15,0.0044,,,regular
row,V24,V24-R018,,1,55.45,29.01,0.0029,,,regular
row,V24,V24-R019,,1,67.07,46.12,0.0046,,,regular
row,V24,V24-R020,,1,64.22,38.35,0.0038,,,regular
row,V24,V24-R021,,1,35.25,4.77,0.0005,,,disrupted
row,V24,V24-R022,,1,56.03,18.53,0.0019,,,regular
row,V24,V24-R023,,1,62.41,19.53,0.002,,,regular
row,V24,V24-R024,,1,62.03,18.81,0.0019,,,regular
row,V24,V24-R025,,1,50.4,13.65,0.0014,,,disrupted
row,V24,V24-R026,,1,56.56,15.7,0.0016,,,disrupted
row,V24,V24-R027,,1,57.05,10.92,0.0011,,,disrupted
row,V24,V24-R028,,1,57.16,18.18,0.0018,,,regular
row,V24,V24-R029,,1,20.46,7.5,0.0007,,,regular
row,V24,V24-R030,,1,66.56,18.38,0.0018,,,disrupted
row,V24,V24-R031,,1,71.81,18.67,0.0019,,,disrupted
row,V24,V24-R032,,1,71.75,17.26,0.0017,,,disrupted
row,V24,V24-R033,,1,72.02,13.24,0.0013,,,disrupted
row,V24,V24-R034,,1,71.57,15.06,0.0015,,,disrupted
row,V24,V24-R035,,1,77.05,21.53,0.0022,,,disrupted
row,V24,V24-R036,,1,74.72,33.98,0.0034,,,regular
row,V24,V24-R037,,1,79.6,40.6,0.0041,,,regular
row,V24,V24-R038,,1,71.95,40.61,0.0041,,,regular
row,V24,V24-R039,,1,4.59,1.58,0.0002,,,regular
row,V24,V24-R040,,1,80.77,34.63,0.0035,,,regular
row,V24,V24-R041,,1,67.01,27.68,0.0028,,,regular
row,V24,V24-R042,,1,62.0,7.54,0.0008,,,disrupted
row,V24,V24-R043,,1,13.75,14.67,0.0015,,,regular
row,V24,V24-R044,,1,7.4,6.48,0.0006,,,regular
row,V24,V24-R045,,1,2.35,2.08,0.0002,,,unassessable
row,V24,V24-R046,,1,16.16,9.32,0.0009,,,regular
row,V24,V24-R047,,1,10.11,8.05,0.0008,,,regular
row,V24,V24-R048,,1,19.7,10.32,0.001,,,regular
row,V24,V24-R049,,1,1.3,0.57,0.0001,,,unassessable
row,V24,V24-R050,,1,9.22,3.13,0.0003,,,regular
row,V24,V24-R051,,1,16.6,7.52,0.0008,,,disrupted
row,V24,V24-R052,,1,21.92,21.52,0.0022,,,regular
row,V24,V24-R053,,1,29.1,14.17,0.0014,,,disrupted
row,V24,V24-R054,,1,26.0,21.46,0.0021,,,regular
row,V24,V24-R055,,1,57.86,35.67,0.0036,,,regular
row,V24,V24-R056,,1,56.01,38.47,0.0038,,,regular
row,V24,V24-R057,,1,61.5,25.87,0.0026,,,regular
row,V24,V24-R058,,1,41.85,19.48,0.0019,,,regular
row,V24,V24-R059,,1,64.82,18.35,0.0018,,,regular
row,V24,V24-R060,,1,47.02,17.36,0.0017,,,regular
row,V24,V24-R061,,1,29.07,11.44,0.0011,,,regular
row,V24,V24-R062,,1,20.45,9.03,0.0009,,,regular
row,V24,V24-R063,,1,14.8,2.68,0.0003,,,regular
row,V24,V24-R064,,1,10.7,4.68,0.0005,,,regular
row,V24,V24-R065,,1,9.92,0.36,0.0,,,regular
row,V24,V24-R066,,1,10.25,2.57,0.0003,,,regular
row,V25,V25-R001,,1,26.44,4.21,0.0004,,,regular
row,V25,V25-R002,,1,17.85,2.19,0.0002,,,regular
row,V25,V25-R003,,1,5.66,3.77,0.0004,,,regular
row,V26,V26-R001,,1,6.15,0.87,0.0001,,,regular
row,V26,V26-R002,,1,31.95,6.63,0.0007,,,regular
row,V26,V26-R003,,1,38.8,5.31,0.0005,,,regular
row,V26,V26-R004,,1,64.65,9.26,0.0009,,,regular
row,V26,V26-R005,,1,60.25,12.24,0.0012,,,regular
row,V26,V26-R006,,1,41.51,4.26,0.0004,,,disrupted
row,V26,V26-R007,,1,25.1,4.3,0.0004,,,regular
row,V26,V26-R008,,1,50.03,7.76,0.0008,,,regular
row,V26,V26-R009,,1,60.95,9.09,0.0009,,,disrupted
row,V26,V26-R010,,1,61.25,10.81,0.0011,,,regular
row,V26,V26-R011,,1,41.53,21.81,0.0022,,,regular
row,V26,V26-R012,,1,41.55,5.23,0.0005,,,disrupted
row,V26,V26-R013,,1,5.65,3.7,0.0004,,,regular
row,V26,V26-R014,,1,22.02,8.22,0.0008,,,regular
row,V26,V26-R015,,1,67.82,9.61,0.001,,,disrupted
row,V26,V26-R016,,1,41.3,7.0,0.0007,,,regular
row,V26,V26-R017,,1,43.6,2.78,0.0003,,,disrupted
row,V26,V26-R018,,1,50.07,23.3,0.0023,,,disrupted
row,V26,V26-R019,,1,16.05,14.91,0.0015,,,regular
row,V26,V26-R020,,1,37.14,8.14,0.0008,,,regular
row,V26,V26-R021,,1,42.3,20.13,0.002,,,disrupted
row,V26,V26-R022,,1,22.03,15.25,0.0015,,,regular
row,V26,V26-R023,,1,56.86,20.36,0.002,,,regular
row,V26,V26-R024,,1,62.3,55.46,0.0055,,,regular
row,V26,V26-R025,,1,3.55,3.53,0.0004,,,regular
row,V26,V26-R026,,1,24.62,17.87,0.0018,,,regular
row,V26,V26-R027,,1,9.91,9.69,0.001,,,regular
row,V26,V26-R028,,1,4.55,2.69,0.0003,,,regular
row,V26,V26-R029,,1,3.86,3.64,0.0004,,,regular
row,V26,V26-R030,,1,80.92,31.52,0.0032,,,regular
row,V26,V26-R031,,1,56.95,22.46,0.0022,,,disrupted
row,V26,V26-R032,,1,61.0,43.39,0.0043,,,regular
row,V26,V26-R033,,1,71.7,23.18,0.0023,,,regular
row,V26,V26-R034,,1,52.03,16.64,0.0017,,,disrupted
row,V26,V26-R035,,1,90.85,43.18,0.0043,,,disrupted
row,V26,V26-R036,,1,55.07,30.34,0.003,,,regular
row,V26,V26-R037,,1,46.51,36.83,0.0037,,,disrupted
row,V26,V26-R038,,1,32.02,13.92,0.0014,,,regular
row,V26,V26-R039,,1,98.07,52.32,0.0052,,,disrupted
row,V26,V26-R040,,1,47.41,20.9,0.0021,,,disrupted
row,V26,V26-R041,,1,57.32,34.72,0.0035,,,regular
row,V26,V26-R042,,1,72.47,15.67,0.0016,,,regular
row,V26,V26-R043,,1,76.27,12.81,0.0013,,,regular
row,V26,V26-R044,,1,21.1,3.3,0.0003,,,disrupted
row,V26,V26-R045,,1,22.0,11.09,0.0011,,,regular
row,V26,V26-R046,,1,72.03,18.83,0.0019,,,regular
row,V26,V26-R047,,1,114.86,62.07,0.0062,,,disrupted
row,V26,V26-R048,,1,57.06,43.71,0.0044,,,regular
row,V26,V26-R049,,1,114.15,65.33,0.0065,,,regular
row,V26,V26-R050,,1,112.01,57.38,0.0057,,,disrupted
row,V26,V26-R051,,1,3.4,0.56,0.0001,,,regular
row,V26,V26-R052,,1,115.76,69.26,0.0069,,,regular
row,V26,V26-R053,,1,105.45,62.22,0.0062,,,regular
row,V26,V26-R054,,1,106.6,61.85,0.0062,,,regular
row,V26,V26-R055,,1,42.01,21.3,0.0021,,,regular
row,V26,V26-R056,,1,24.86,9.87,0.001,,,regular
row,V26,V26-R057,,1,112.04,36.51,0.0037,,,disrupted
row,V26,V26-R058,,1,102.01,30.74,0.0031,,,disrupted
row,V26,V26-R059,,1,81.36,24.47,0.0024,,,regular
row,V26,V26-R060,,1,82.01,26.27,0.0026,,,regular
row,V26,V26-R061,,1,26.47,15.21,0.0015,,,regular
row,V26,V26-R062,,1,31.43,28.5,0.0028,,,regular
row,V26,V26-R063,,1,80.36,26.42,0.0026,,,regular
row,V26,V26-R064,,1,14.51,8.68,0.0009,,,regular
row,V26,V26-R065,,1,90.73,21.38,0.0021,,,regular
row,V26,V26-R066,,1,82.02,13.47,0.0013,,,regular
row,V26,V26-R067,,1,75.95,10.11,0.001,,,regular
row,V26,V26-R068,,1,37.07,16.22,0.0016,,,regular
row,V26,V26-R069,,1,20.67,13.09,0.0013,,,regular
row,V26,V26-R070,,1,75.97,12.68,0.0013,,,regular
row,V26,V26-R071,,1,20.27,10.57,0.0011,,,regular
row,V26,V26-R072,,1,72.16,13.38,0.0013,,,regular
row,V26,V26-R073,,1,85.78,20.61,0.0021,,,regular
row,V26,V26-R074,,1,8.13,3.53,0.0004,,,regular
row,V26,V26-R075,,1,86.65,24.57,0.0025,,,regular
row,V26,V26-R076,,1,76.84,12.46,0.0012,,,disrupted
row,V26,V26-R077,,1,68.35,14.26,0.0014,,,regular
row,V26,V26-R078,,1,4.32,3.85,0.0004,,,regular
row,V26,V26-R079,,1,28.42,12.73,0.0013,,,regular
row,V26,V26-R080,,1,31.91,7.71,0.0008,,,regular
row,V26,V26-R081,,1,20.66,10.62,0.0011,,,regular
row,V26,V26-R082,,1,11.1,6.33,0.0006,,,regular
